{
  "num_queries": 3,
  "mrr": 0.1111111111111111,
  "metrics_by_k": {
    "k=1": {
      "precision": 0.0,
      "recall": 0.0,
      "f1": 0.0,
      "ndcg": 0.0
    },
    "k=3": {
      "precision": 0.1111111111111111,
      "recall": 0.16666666666666666,
      "f1": 0.13333333333333333,
      "ndcg": 0.10219119879424306
    },
    "k=5": {
      "precision": 0.06666666666666667,
      "recall": 0.16666666666666666,
      "f1": 0.09523809523809525,
      "ndcg": 0.10219119879424306
    }
  }
}