{
  "num_queries": 3,
  "mrr": 1.0,
  "metrics_by_k": {
    "k=1": {
      "precision": 1.0,
      "recall": 0.8333333333333334,
      "f1": 0.8888888888888888,
      "ndcg": 1.0
    },
    "k=3": {
      "precision": 0.3333333333333333,
      "recall": 0.8333333333333334,
      "f1": 0.4666666666666666,
      "ndcg": 0.8710490642551528
    },
    "k=5": {
      "precision": 0.20000000000000004,
      "recall": 0.8333333333333334,
      "f1": 0.3174603174603175,
      "ndcg": 0.8710490642551528
    }
  }
}