{
  "num_queries": 3,
  "mrr": 0.6666666666666666,
  "metrics_by_k": {
    "k=1": {
      "precision": 0.6666666666666666,
      "recall": 0.6666666666666666,
      "f1": 0.6666666666666666,
      "ndcg": 0.6666666666666666
    },
    "k=3": {
      "precision": 0.2222222222222222,
      "recall": 0.6666666666666666,
      "f1": 0.3333333333333333,
      "ndcg": 0.6666666666666666
    },
    "k=5": {
      "precision": 0.13333333333333333,
      "recall": 0.6666666666666666,
      "f1": 0.22222222222222224,
      "ndcg": 0.6666666666666666
    }
  }
}