{
  "query_length_sensitivity": {
    "short (1-3 words)": {
      "num_queries": 3,
      "precision_at_5": 0.20000000000000004,
      "recall_at_5": 1.0,
      "mrr": 0.75
    },
    "medium (4-6 words)": {
      "num_queries": 1,
      "precision_at_5": 0.2,
      "recall_at_5": 1.0,
      "mrr": 1.0
    },
    "long (7+ words)": {
      "num_queries": 2,
      "precision_at_5": 0.2,
      "recall_at_5": 1.0,
      "mrr": 1.0
    }
  },
  "source_type_sensitivity": {
    "unknown": {
      "retrieved_count": 60,
      "relevant_retrieved": 6,
      "avg_rank_when_relevant": 1.5,
      "relevance_rate": 0.1
    }
  },
  "embedding_analysis": {
    "embedding_dimension": 768,
    "num_documents": 19,
    "total_parameters": 14592,
    "memory_mb": 0.0556640625,
    "model_name": "all-mpnet-base-v2",
    "analysis": {
      "dimension_efficiency": "high",
      "memory_footprint": "low",
      "inference_speed": "moderate"
    }
  },
  "k_value_sensitivity": {
    "k=1": {
      "precision": 0.8333333333333334,
      "recall": 0.8333333333333334,
      "f1": 0.8333333333333334
    },
    "k=3": {
      "precision": 0.27777777777777773,
      "recall": 0.8333333333333334,
      "f1": 0.4166666666666667
    },
    "k=5": {
      "precision": 0.19999999999999998,
      "recall": 1.0,
      "f1": 0.3333333333333334
    },
    "k=10": {
      "precision": 0.09999999999999999,
      "recall": 1.0,
      "f1": 0.18181818181818185
    },
    "k=20": {
      "precision": 0.049999999999999996,
      "recall": 1.0,
      "f1": 0.09523809523809523
    }
  },
  "insights": [
    "Best performance with short (1-3 words) queries (Precision@5: 20.00%)",
    "Optimal K value: k=1 (F1: 83.33%)",
    "Embedding efficiency: high (768 dims, 0.1MB)"
  ]
}